<?xml version="1.0"?>
<!--
 This file is part of FlightGear, the free flight simulator
 http://www.flightgear.org/

 Copyright (C) 2009 Torsten Dreyer, Torsten (at) t3r _dot_ de

 This program is free software; you can redistribute it and/or
 modify it under the terms of the GNU General Public License as
 published by the Free Software Foundation; either version 2 of the
 License, or (at your option) any later version.

 This program is distributed in the hope that it will be useful, but
 WITHOUT ANY WARRANTY; without even the implied warranty of
 MERCHANTABILITY or FITNESS FOR A PARTICULAR PURPOSE.  See the GNU
 General Public License for more details.
-->
<PropertyList>
   <entry><ind>   0</ind><dep>    0</dep></entry>
   <entry><ind>  35</ind><dep>   36</dep></entry>
   <entry><ind>  40</ind><dep>   50</dep></entry>
   <entry><ind>  60</ind><dep>  100</dep></entry>
   <entry><ind>  80</ind><dep>  152</dep></entry>
   <entry><ind> 100</ind><dep>  206</dep></entry>
   <entry><ind> 120</ind><dep>  249</dep></entry>
   <entry><ind> 140</ind><dep>  291</dep></entry>
   <entry><ind> 160</ind><dep>  333</dep></entry>
   <entry><ind> 190</ind><dep>  340</dep></entry>
</PropertyList>